Simulation Step,Minimal Target Distance
0,3114
1,3088
2,3059
3,3058
4,3054
5,3068
6,3063
7,3069
8,3075
9,3076
10,3078
11,3088
12,3108
13,3120
14,3156
15,3162
16,3183
17,3191
18,3195
19,3190
20,3178
21,3169
22,3151
23,3140
24,3124
25,3110
26,3097
27,3088
28,3079
29,3068
30,3061
31,3051
32,3040
33,3025
34,3007
35,2988
36,2964
37,2935
38,2904
39,2871
40,2836
41,2798
42,2760
43,2721
44,2682
45,2642
46,2604
47,2566
48,2529
49,2491
50,2457
51,2421
52,2386
53,2352
54,2319
55,2284
56,2251
57,2219
58,2187
59,2156
60,2125
61,2093
62,2065
63,2035
64,2005
65,1974
66,1944
67,1911
68,1879
69,1845
70,1812
71,1777
72,1743
73,1707
74,1672
75,1636
76,1601
77,1566
78,1532
79,1498
80,1463
81,1430
82,1398
83,1365
84,1334
85,1302
86,1270
87,1238
88,1205
89,1170
90,1136
91,1100
92,1063
93,1026
94,989
95,952
96,917
97,881
98,846
99,812
100,778
101,744
102,712
103,679
104,647
105,616
106,585
107,554
108,525
109,495
110,466
111,437
112,408
113,380
114,353
115,326
116,300
117,276
118,252
119,229
120,207
121,186
122,167
123,149
124,131
125,114
126,99
127,85
128,72
129,60
130,48
131,38
132,30
133,22
134,15
135,9
136,4
137,0
138,0
